<?xml version="1.0" encoding="utf-8" standalone="yes"?>
<language alias="en" intName="English (US)" localName="English (US)" lcid="" culture="en-US">
  <creator>
    <name>Jumoo</name>
    <link>http://jumoo.uk</link>
  </creator>
  <area alias="usync">
    <key alias="name">uSync 8</key>
    <key alias="intro">Database elements to and from disk</key>
    
    <key alias="import">Import</key>
    <key alias="importforce">Full Import</key>
    <key alias="report">Report</key>
    <key alias="export">Export</key>

    <key alias="details">Details</key>
  
    <key alias="handlers">Item Handlers</key>
    <key alias="savesettings">Save Settings</key>
  </area>
  <area alias="dashboardTabs">
    <key alias="uSync8">uSync</key>
  </area>
</language>